id,text,label,source_dataset
0,"Still short $LNG from $11.70 area...next stop could be down through $9.00. Someone slammed it hard with 230,000 shs this am! More to follow",0,FiQA
1,$PLUG bear raid,0,FiQA
2,How Kraft-Heinz Merger Came Together in Speedy 10 Weeks,2,FiQA
3,Slump in Weir leads FTSE down from record high,0,FiQA
4,"$AAPL bounces off support, it seems",2,FiQA
5,Johnson Matthey raises prospect of investor payout,2,FiQA
6,$DCTH Near HOD,2,FiQA
7,"UPDATE: CIB, Legal & General Sell Egyptian Life Joint Venture To AXA",2,FiQA
8,REFILE-UPDATE 4-Britain's Lloyds to pay first dividend since rescue,2,FiQA
9,$FB churning in high volume @ IPO price. Lot's of sellers trying to get out. Might take a while here to consolidate before moving higher.,0,FiQA
10,$GNRC finding support at its 10-day line so far.,2,FiQA
11,"$AAPL 50DMA turned up, MACD crossover a half-a-hair away on the weekly. EOD break out likely.",2,FiQA
12,$GOOGL Hit With Lawsuit from Russian Search Engine $YNDX http://stks.co/b1kD8,0,FiQA
13,Nasdaq Sets Up for Breakout Part II | via @AllStarCharts http://stks.co/15Nv  $GOOG $AMZN $QCOM,2,FiQA
14,"potential defect with third-row seat belts. Tesla Motors recalls 2,700 Model X SUVs $TSLA https://t.co/YVYDncdNdi",0,FiQA
15,Tesco sells half of stake in ecommerce site Lazada to Alibaba for ÃÂ£90m,0,FiQA
16,Stakes High for AstraZeneca Heart Drug Facing Tough Competition,0,FiQA
17,British American Tobacco drops and sues PwC over pollution scandal,0,FiQA
18,UPDATE 1-AstraZeneca boosts respiratory unit with $575 mln Takeda deal,2,FiQA
19,Tesco breaks its downward slide by cutting sales decline in half,2,FiQA
20,$CRUS Upgraded to a buy by Alpha Street Research,2,FiQA
21,$FB popping up to HOD,2,FiQA
22,Just stumbled upon this amazing chart - $OFIX - holy guac. SUPER overbought. http://stks.co/e0PX1,0,FiQA
23,what #stocks large players are selling http://stks.co/t0Vel $CROX $GOGO $INO,0,FiQA
24,"$ADBE technical alerts: Expansion Breakout, Gilligan's Island Sell Setup, Volume Surge, and New 52... https://t.co/LxX66tknFH",2,FiQA
25,UPDATE 1-Lloyds to cut 945 jobs as part of 3-year restructuring plan,0,FiQA
26,"Last month we added to our $GILD position and started a new one in $BWLD We see slow, steady, unspectacular growth going forward near term",2,FiQA
27,Auto Trader share price surges as company floats on LSE,2,FiQA
28,$SKX turning. Coming from far could go far. Stock price implies you pay nothing for the business,2,FiQA
29,Walter Investment Management Corp Receives a Sell from Compass Point $WAC http://stks.co/c1IvX,0,FiQA
30,"$SLV -4.44% at 18 now AWFUL, down from 42.50",0,FiQA
31,"FBR Capital reiterated ""Outperform"" rating on $BRCM with a price target of $45.00 on Friday.",2,FiQA
32,$isrg trading at all-time high after strong earnings report with 4 days of short interest.,2,FiQA
33,ALERT: New RSI signal created on $COST - Buy at 148.78 - Time: 14:19 - Strength: 10. Powered by https://t.co/MhOBzU3Rmx,2,FiQA
34,$FB Big Money Is Pouring Into Facebook From All Directions;http://stks.co/sOwG,2,FiQA
35,CompaniesKingfisher bid for Mr Bricolage runs into trouble,0,FiQA
36,$YELP wayyy overvalued right now IMO. Should be trading single digits. May take a short pos. into earnings. Near term target 18 ......,0,FiQA
37,Think $FMS will challendge 200-EMA in not distant future.   Look at yesterday's volume,2,FiQA
38,.@barronsonline sees #Apple at $150/share in a year (+36% from today) on growing services business. $AAPL https://t.co/3BDNEKN7l1,2,FiQA
39,$ARIA Bounce Player! Long above $6.17 http://stks.co/q0WfF,2,FiQA
40,Phew! So far good $BBRY did not break 10.40 coz I was told that is key support level.,2,FiQA
41,CompaniesAB InBev signals it won't go hostile for SABMiller,2,FiQA
42,"Tesla Motors recalls 2,700 Model X SUVs $TSLA https://t.co/xDGrAExkKz",0,FiQA
43,$GOOGL gets an upgrade price target $970,2,FiQA
44,"$AAPL double bottom could be in, keep in mind",2,FiQA
45,"Tesco, Asda sales fall as march of the discounters continues-Kantar",0,FiQA
46,UPDATE 1-Meggitt reiterates annual outlook after tough 2014,2,FiQA
47,Surprising to see $JWN and $SKS sales numbers still holding up so well. I guess the high end might not be a concern after all.,2,FiQA
48,$SPY weak close,0,FiQA
49,Bilfinger Industrial Services win ÃÂ£100m BP contract extension,2,FiQA
50,BHP Billiton share price: Brazil to sue Samarco for ÃÂ£3.5bn,0,FiQA
51,"FDA approves NPS drug, in move validating Shire takeover deal",2,FiQA
52,Amazon to attack UK grocery market with Morrisons deal,2,FiQA
53,Interest Heats Up for @Yahoo $YHOO - The Wall Street Journal  https://t.co/j5jVjI9bia,2,FiQA
54,RT @robbieLOLZ $NFLX A close above here is looking good for the bulls. Will hold my positions to see where we close at. Keep buying here.,2,FiQA
55,Relief for Lewis as Tesco sees sales grow for first time in a year,2,FiQA
56,"FTSE 100 drops 2.5 pct on Glencore, metals price fears",0,FiQA
57,CRH adds CR Laurence to acquisitions tally for $1.3bn,2,FiQA
58,$mcp rolling over for a new intraday low. Bottom Pickers continue to get destroyed,0,FiQA
59,"2nd raise this year.  ""@BVHealthcare: $QCOR Questcor Increases Quarterly Cash Dividend 20 Percent.. http://stks.co/goan""",2,FiQA
60,Rolls-Royce to Ensure Compliance After Petrobras Bribery Report,0,FiQA
61,$EXPE working on the second leg of its reversal run as it breaks another down trend and continues higher. https://t.co/76DSJysyR0,2,FiQA
62,Glencore Studies Possible IPO for Agricultural Trading Business,2,FiQA
63,$AMRN Got sell signal 7/1/14 still in force with target below 1.50,0,FiQA
64,Kingfisher share price slides on cost to implement new strategy,0,FiQA
65,$GTE LONG at 7.44,2,FiQA
66,Supermarket Stocks Rally as Tesco Plans to Axe Non-core UK Assets $TSCO https://t.co/BmvhcrwREA,2,FiQA
67,Analysts impressed with progress at Tesla's flagship factory; co spent $1.6B on upgrades in '15 https://t.co/SABxCSn8cd by @tsrandall $TSLA,2,FiQA
68,"@Binkster69 Not that. it's just ER's lol. But looking at the correlation of $ARIA and foreign price charts, they are all poised to breakout.",2,FiQA
69,Shell and BG Shareholders to Vote on Deal at End of January,1,FiQA
70,$TSLA announces a recall and the stock doesn't sell off. This stock is teflon. Won't last forever.,2,FiQA
71,AstraZeneca shares climb 3% as drug maker ups profits forecasts,2,FiQA
72,$CTRP not a bad long chart now that it's through sma100 resistance.,2,FiQA
73,$IBIO  up 10% in premarket ready for lift off,2,FiQA
74,StanChart and RBS struggle in Bank of England stress tests,0,FiQA
75,"Centrica extends gas deals with Gazprom, Statoil",2,FiQA
76,Rival companies $GWR and WATCO eyeing $RA w take-over interest.  http://stks.co/o0xY,2,FiQA
77,Tesco leads leap in FTSE 100; Marks & Spencer drops,2,FiQA
78,End Of Day Scan: Stochastic Overbought $JDST $FREE $BLRX $LPG $AFSI $DVAX $HDGE $AHT $ALR $ASMB  www.dailystockplays.com,0,FiQA
79,SABMiller buys Meantime to quench thirst for craft beer,2,FiQA
80,$INVE : SEE YA ABOVE $8,2,FiQA
81,like $T for a breakout long as well. getting through the 100 and 200 MA could see it run.,2,FiQA
82,Out of shorts $ALTR at 38.85 with loss,2,FiQA
83,"$KO had missed earnings expectations for the last two quarters, so todayâs strong results came as a major surprise http://stks.co/d0RHF",2,FiQA
84,Commodity Channel Index Indicator signaled a Oversold for $FB #stockmarket https://t.co/VM32d3M9xi https://t.co/cvkojk05Xn,2,FiQA
85,$FB gone green on day,2,FiQA
86,TRLPC - CRH backs Lafarge Holcim asset buy with 6.5 bln euro bridge loan,2,FiQA
87,L&G completes UK's largest medically underwritten bulk pension risk deal,2,FiQA
88,G4S slides on balance sheet worries,0,FiQA
89,"PNC, Goldman Sachs Receive Dividend Hike Green Light (But Don't Act): http://stks.co/2pa7 $PNC $GS",2,FiQA
90,HSBC appoints business leaders to board,2,FiQA
91,Added long at friday close  $SPY $LABU $BLUE $AMZN,2,FiQA
92,Peroni and Grolsch put up for sale as AB InBev plans acquisition of SABMiller,2,FiQA
93,Buyback not trending right ( $CPIX spending more as shares pricier). Hopefully will pull back w 6.87 Q2 closing VWAP,0,FiQA
94,$FB they are hitting  everything in sight.short it. but twtr,0,FiQA
95,AB InBev looks to win over SABMiller investors,2,FiQA
96,$FB down 7.5% from this #bearish pattern.  Considering the #bullish sentiment - That's an impressive bearish move https://t.co/TaJF0cH2qh,0,FiQA
97,$SAP Q1 disappoints as #software licenses down. Real problem? #Cloud growth trails $MSFT $ORCL $GOOG $CRM $ADBE https://t.co/jNDphllzq5,0,FiQA
98,UPDATE 1-AstraZeneca sells rare cancer drug to Sanofi for up to $300 mln,2,FiQA
99,$TSLA stock gaining steam... Plus other notable moves from this week: https://t.co/Hz0wdp5za1,2,FiQA
100,Long $GPRO for a brealout trade,2,FiQA
101,$TSLA yeah lets go down to 230s lol,0,FiQA
102,Tesco share price dips as Blinkbox Books closes ending supermarket's digital ...,0,FiQA
103,$TSLA Wish had my puts back but see if we can find support around 243.39 and pop up so that I can get back in. https://t.co/hFkLq3WObV,0,FiQA
104,Drugmaker Shire to buy Baxalta for $32 billion after 6-month pursuit,2,FiQA
105,Shell offers 50 percent premium to buy BG for $70 billion,2,FiQA
106,Short interest increases yet again http://stks.co/e19h via @ryandetrick $SPY,0,FiQA
107,Shire Sees Baxalta Deal Closing as Expected After New Rules,2,FiQA
108,Aspen to Buy Anaesthetics From AstraZeneca for $520 Million,2,FiQA
109,$FREE Ha Heeeeeere comes the pump! So glad I picked up 9K end of day! Get ready for the bull ride!,2,FiQA
110,$GS sells flat..I am out..,0,FiQA
111,Why $MCD looks set to fall further. http://stks.co/f2fgj,0,FiQA
112,"OCBC to Buy Barclay's Wealth Management Unit in Singapore, Hong Kong",2,FiQA
113,"RECAP: $MSFT rumor this morning had them spinning off XBOX unit, stock grinds up all day to close on highs",2,FiQA
114,$AMD big dumping... would not touch it for a while,0,FiQA
115,"$HAL If bulls lucky enuff to get an upside gap fill, better take it. Wouldn't chase it here. http://stks.co/r12Us",2,FiQA
116,"Britain's FTSE outperforms Europe, Royal Mail and Tesco rise",2,FiQA
117,"@sharkbiotech If anyone is selling/shorting $AGN b/c you believe $ENDP rumors to be realistic, then I'll take the other side of that trade",2,FiQA
118,"Aberdeen AM posts H1 outflows, says conditions to remain challenging",0,FiQA
119,RT @alphatrends VMarkets Are Still Acting Weak http://stks.co/1agn  $SPY $QQQ $XLF $SMH $IWM,0,FiQA
120,$LNT Increases Annual Dividend Target to $1.80/Share from $1.70/Share,2,FiQA
121,Tesco share price jumps as Q3 sales top estimates,2,FiQA
122,Sophos aims to raise $100m in London IPO,2,FiQA
123,$FTI Breakout today after reporting earnings last night,2,FiQA
124,$BONE Earnings Stocks Poised to Pop http://stks.co/2zWE,2,FiQA
125,$SBUX heading for the 200DMA and certain doom if it can not hold there.,0,FiQA
126,$AAPL Nice RSI 33 bounce at 9:58,2,FiQA
127,"$QCOR a little pullback is fine but if this erases all of todays gains, I cannot believe the manipulation its capable of",0,FiQA
128,$BAC $ADSK $NFLX long this morning,2,FiQA
129,$FB still a dog going much lower this week,0,FiQA
130,This $BBBY stock options trade would have more than doubled your money https://t.co/Oa0loiRIJL via @TheStreet,2,FiQA
131,"Google, Inc. completes acquisition of ICOA, Inc. http://stks.co/nFEI $ICOA $GOOG",2,FiQA
132,@technik I still have a smaller $GILD pos. Being very tender with cash due to volatility. So reluctant to keep many big positions.,2,FiQA
133,$VRTX early technical BUY signal... for confirmation > 86 it needs some fundam. incentive https://t.co/QuYSrqFo2x,2,FiQA
134,MillerCoors Delivers 2.9% Underlying Net Income Growth for 2014,2,FiQA
135,Entering long Lockheed Martin $LMT at Thursday's open. http://stks.co/eXtA,2,FiQA
136,Exact (EXAS) Flagged As Strong On High Volume $EXAS http://stks.co/r26Ra,2,FiQA
137,FDA approves AstraZeneca drug for advanced lung cancer,2,FiQA
138,"$AAPL Stock Climbs as Barron's Sees 40% Upside, Jim Cramer's Take  https://t.co/lKlD9mVKBQ",2,FiQA
139,LSE-Deutsche Boerse merger would signal end to exchange mega-deals,2,FiQA
140,$MFLX up  pre mkt. Looks like GAP has been filled....lookin 4 short opt here,0,FiQA
141,$FB $AAPL $NKE $JWN bearish charts keep getting worse.,0,FiQA
142,$KCG bot at 2.24,2,FiQA
143,"$QCOR Just added 3,000 shares @28.",2,FiQA
144,Covered my small $MWW short @ 7.99 for a .16 loss. Flat on the day. All cash now.,2,FiQA
145,$aapl news is becoming very bullish again http://stks.co/tMU,2,FiQA
146,$EFUT hod  posted buy pm at $4.40,2,FiQA
147,"U.K. Stocks Little Changed Near Record as Barclays, Shell Fall",0,FiQA
148,long $AAPL 107 calls @ .40,2,FiQA
149,"Red Daily Triangle on $SHOR,...Scaling Up on Long Position http://stks.co/r82S",2,FiQA
150,Commented on It's Time To Embrace Dividend Growth https://t.co/wc2qfP79TN $ABBV $CSCO $WYN,2,FiQA
151,"$CNP Sell Short Position on CNP,...Closed for Profit $ 59,367.00 (7.75%) http://stks.co/ghjc",2,FiQA
152,"$NFLX small pos, short 180 wkly puts.",0,FiQA
153,Look at that $AMZN > 600,2,FiQA
154,Starbucks downgraded on same day as new downgraded rewards program starts  $SBUX,0,FiQA
155,UPDATE 1-Pearson expects to grow this year after solid end to 2014,2,FiQA
156,"London open: Taylor Wimpey and Ashtead drive markets higher, Barclays falls",2,FiQA
157,$AAPL wants lower. up waves getting smaller on the 2 min,0,FiQA
158,"Irish Said Chasing Standard Chartered, RBS as Brexit Vote Nears",2,FiQA
159,Long $X 24.62,2,FiQA
160,AstraZeneca to Pay Inovio Up to $700 Million for Cancer Drug,2,FiQA
161,"Sudden optimism about iPhone sales (i.e., not as bad as expected) gives Apple $AAPL a lift.  https://t.co/oKTCw4YiB5",2,FiQA
162,London Stock Exchange Ã¢â¬â Deutsche Boerse merger under threat from Brexit,0,FiQA
163,$ZAGG getting ready...Target $15 plus on a close over $13.50 on better than avg daily Volume http://chart.ly/lha44tn,2,FiQA
164,Philippines' San Miguel says to partner with Kirin if it bids for SABMiller's ...,2,FiQA
165,$AAPL iPhone shipments on track to exceed forecasts - MarketWatch https://t.co/2CXahJIX7d,2,FiQA
166,Goodwin not to face Scottish prosecution over RBS,2,FiQA
167,"$AMZN trades in mid to upper range. No break out yet, either direction",2,FiQA
168,"AP: Caterpillar posts 60 percent jump in 4Q profit on steep global sales increase, tops Wall St. view > $CAT",2,FiQA
169,InterContinental Hotels Group share price climbs on $1.5bn special dividend,2,FiQA
170,$AAPL - Has broken its downtrend - but 200DMA proving to be stiff resistance short term. https://t.co/VlzlgvIHZV,2,FiQA
171,AstraZeneca's Lung Cancer Drug Tagrisso Gets FDA Approval,2,FiQA
172,$NFLX Easy pop to 500$ by end of feb.. Then steady as she goes for 600 into second earnings report..800$ year end no matter what,2,FiQA
173,#Fintech provider $CAFN Cachet Financial Solutions Surging Forward today post earnings Up +13.26% https://t.co/9BJ3csk2i9 $JKHY $FISV #Momo,2,FiQA
174,"$GLD http://stks.co/jr8 Daily chart - though RSI and Stoch. point at a possible move up, there's a lot of resistance.",2,FiQA
175,Added more $BBBY @jimcramer is wrong about this one. Still a very profitable merchant with profitable stores,2,FiQA
176,"DBS, Julius Baer emerge as potential bidders for Barclays Asia wealth unit ...",2,FiQA
177,Juniper tumbles on Q1 warning; Cisco also lower $JNPR $CSCO https://t.co/bGvIntk43h,0,FiQA
178,$TSLA recalling pretty much every single model X @cnnbrk got to short that even at work you jump in money trade,0,FiQA
179,$BBRY lets see 14+ today,2,FiQA
180,"$DNN picked some up, like this going into 2014",2,FiQA
181,$AVGO great growth stk &  also raised dividend . clearly a great investment http://stks.co/r2F3h,2,FiQA
182,Glencore fight back over debt fears lifts shares,2,FiQA
183,"Upside moves in the volatile #mining sector, sending Anglo American PLC $AAL up 6.8% as of 4:30 PM, London time",2,FiQA
184,ConAgra Names Former Hillshire Farms CEO Connolly to Top Post,2,FiQA
185,$KIOR My god. Market getting crushed today. Gotta hold if anything g should recover some tomorrow I imagine.,0,FiQA
186,I see a 20 percent upside in $FB shares from here,2,FiQA
187,UPDATE 5-Barclays Chairman McFarlane axes CEO to speed up strategic change,0,FiQA
188,Eli Lilly & Co. (LLY) Has Broken Out To A New High On AstraZeneca Collaboration,2,FiQA
189,Buffett's Company Reports 37 Percent Drop in 2Q Earnings,0,FiQA
190,Glencore slumps 25 pct as debt fears grow,0,FiQA
191,WPP boosts sales despite cautious clients,2,FiQA
192,CompaniesMeggitt profits hit by weak energy and military markets,0,FiQA
193,$amzn breaking,2,FiQA
194,$SPY http://stks.co/1MiR We're holding above Wednesday and Thursday closes. I'm leaning bullish. Small postions. Waiting.,2,FiQA
195,NYSE owner ICE may gatecrash Deutsche Boerse-LSE merger,0,FiQA
196,$NQ got hit hard lower this AM --> looks like it has found support a 18.89 http://stks.co/s052z,0,FiQA
197,Breaking: Tesla recalls all Model X cars  .. details on show now $TSLA,0,FiQA
198,RBI surprises Street; Sensex pares gains after hitting mount 30k,0,FiQA
199,"Long Position on $GOL,...Updating http://stks.co/fdmm",2,FiQA
200,Diageo Shares Surge on Report of Possible Takeover by Lemann,2,FiQA
201,$LUV Continues to consolidate above previous break out area...,2,FiQA
202,The Coca-Cola Company and Coca-Cola FEMSA to Acquire AdeS Soy-Based Beverage Business From Unilever,2,FiQA
203,$GOOGL is setting up above its 50-day moving average. https://t.co/tTm9RnFoXJ,2,FiQA
204,Verizon and AT&T accused of hurting rivals,0,FiQA
205,@catskillfishing  Note the monthly chart of $GDX & how it recaptured support. $GLD possible double bottom set up. http://stks.co/aw6z,2,FiQA
206,Royal Mail gets mixed bag from Ofcom postal regulation report,0,FiQA
207,$AAPL 620 resistance area,0,FiQA
208,$MPWR CEO sells 450k april 15th..meh,0,FiQA
209,"Tesla is recalling 2,700 Model X cars: https://t.co/8Z7BkVsTl9 $TSLA",0,FiQA
210,@ACInvestorBlog: $SPY eod run :),2,FiQA
211,TripAdvisor jumps on M&A rumors https://t.co/O4lwCDXMbr $TRIP,2,FiQA
212,"Britain's FTSE bounces back, Mondi and Barratt lead",2,FiQA
213,UPDATE 3-Ex-Barclays director accused by US of illegal tips to plumber,0,FiQA
214,Royal Dutch Shell profit rises; dividend up 4%,2,FiQA
215,Amazon's grocery deal with Morrisons is only the beginning,2,FiQA
216,Glencore sees Tripoli-based NOC as sole legal seller of Libyan oil,2,FiQA
217,Standard Chartered's Shares Plunge 7% After Fitch Downgrade,0,FiQA
218,"Rio Tinto swings to loss, drops dividend policy",0,FiQA
219,Lloyds to cut 945 jobs as part of three-year restructuring strategy,0,FiQA
220,Kingfisher takeover of Mr Bricolage could hit a brick wall,0,FiQA
221,Deutsche Bank downgrades Starbucks because of new loyalty program https://t.co/Iy4LCUGABc $SBUX,0,FiQA
222,$NIHD insiders got this one wrong. Looking for bottom. Rsi under 30,0,FiQA
223,MarketsBP promotes upstream boss to deputy CEO,2,FiQA
224,$CSX another strong rail today after breaking intraday resistance at 1$9.80 https://t.co/eA4FBVuqGP,2,FiQA
225,"Facebook, near a buy point last week, faces a different technical test today https://t.co/c72LLMpiNM $FB $AAPL $NFLX https://t.co/fPFbYTYPuY",2,FiQA
226,Valeant CEO Pledges to Heed Critics After `Painful' Experience,0,FiQA
227,Aviva shuts Friends Life head office in rapid integration move,0,FiQA
228,Analyst Views: Astrazeneca shares have seen recent volatility; what will 2015 ...,0,FiQA
229,Arm profits and sales up as shift away from mobile gains pace,2,FiQA
230,$GDX $GDXJ $JNUG - strong move today for the Junior Gold Miners - keep an EYE out for a gap fill -,2,FiQA
231,"DJI overbought: $AAPL, $AXP, $BA, $CVX, $IBM, $INTC, $VZ https://t.co/wMy1PnomJF",0,FiQA
232,Costco: A Premier Retail Dividend Play https://t.co/J3UhTs022M $COST,2,FiQA
233,$GALE Breakout Coming Soon!,2,FiQA
234,Barclays sells benchmark indices unit to Bloomberg,2,FiQA
235,Australia clears AB Inbev's $100 billion SABMiller buyout plan,2,FiQA
236,Aberdeen Asset Management Gains Foothold In China,2,FiQA
237,AstraZeneca share price: Acerta deal pays off with orphan drug status,2,FiQA
238,$ENB.CA {Head&Shoulders} bullish reversal setup and breakout. Oil and Gas Pipleline stock. $USO,2,FiQA
239,Merged LSE and Deutsche BÃÂ¶rse would be led by Germany's Kengeter,2,FiQA
240,$RIMM $spx $nya $compq $djia all going down,0,FiQA
241,Long $TSLA short $MBLY https://t.co/jSpUSzo6na,2,FiQA
242,$ETN UPGRADE today by MS to overweight.  Excellent company and leadership,2,FiQA
243,Long $PCLN,2,FiQA
244,"BP, Statoil, to Withdraw Staff From Algeria Following Rocket Attack",0,FiQA
245,"On #FEDDAY looking for a sharp move up in equities $AAPL $HD $LOW $FB seeing $UVXY $TVIX getting hammered, even though market is down.",2,FiQA
246,Entertainment One dispels ITV takeover rumours,2,FiQA
247,Timberrrr $TSLA https://t.co/MRBgfDHHVa,0,FiQA
248,BBCN Bancorp to buy Wilshire Bancorp in $1 bln deal,2,FiQA
249,Passengers rise at EasyJet and Aer Lingus,2,FiQA
250,$NVDA sideways,1,FiQA
251,Royal Dutch Shell to Buy BG Group for Nearly $70 Billion,2,FiQA
252,Tesco share price tumbles after negative broker note,0,FiQA
253,"$amrn Full bull call spread ranging July to Jan 15. Lets see what this baby does,",2,FiQA
254,loading $SPY and $AAPL puts. think were toppy IMHO.,0,FiQA
255,$ES_F. Nice little cup-and-handle shaping up on the 15-minute. End-of-day $SPY $SPX favours a good day for the index. Will we see a gap open,2,FiQA
256,$SPY Looks like bear traps getting laid faster than Cadbury Creme Eggs by the Easter Bunny,2,FiQA
257,$ROST Ross Stores Upgraded to Outperform at RBC Capital Markets http://stks.co/j0Q9t,2,FiQA
258,$Oil slid to a four-year low after #OPEC kept its oil production unchanged  http://stks.co/a1IX4 $USO $WTI $Brent,0,FiQA
259,Tesco sales recover as focus returns to core business,2,FiQA
260,$RNN More bleeding Monday.,0,FiQA
261,Daily Mail parent company in talks with potential partners about joint bid for Yahoo's internet assets: https://t.co/mK7MEMtADT $YHOO,2,FiQA
262,"Nine banks including Barclays, Citi, agree to pay $2 billion to settle forex ...",0,FiQA
263,$STX move off the bottom but still in bear market #datasecurity $EMC $SNDK $WDC https://t.co/VkYdWPxeSN,0,FiQA
264,"Standard Chartered, RBS Escape Capital Raising in Stress Test",2,FiQA
265,$AMZN long into earnings. looks good over 600,2,FiQA
266,Held its recent double bottom buy point of 56.57 almost to the penny today $WMT http://chart.ly/6nosp5q,2,FiQA
267,Berkshire seeks to boost its Wells Fargo stake above 10 percent,2,FiQA
268,$INTC finally some nice downside move... looking for the 31 handle to break,0,FiQA
269,"CompaniesNew Aggreko CEO to reshape business, strip costs",2,FiQA
270,$UGAZ Will this cold put a dent in the massive horizontal rig production. Who knows  http://stks.co/p1V6P,0,FiQA
271,"$INTU is in the process of streamlining its structure, especially through divestment of non-core businesses   https://t.co/dR5baNun2u",2,FiQA
272,Tesco leads FTSE higher on Clubcard bid reports,2,FiQA
273,pretty steady accumulation off support today.  Purdy. $AGU,2,FiQA
274,Market Report: Aviva tops the market as traders approve of its choice of Friends,2,FiQA
275,$CHRM Loooooongggggg base,2,FiQA
276,"Royal Mail 'breached competition law' over delivery service changes, Ofcom claims",0,FiQA
277,$TWTR The best scenario going forward is this stock slowly falling everyday....Which is quite probable...,0,FiQA
278,$AAPL price momentum weakening going into the close.,0,FiQA
279,LSE-Deutsche BÃÂ¶rse dealmakers wrong to ignore Brexit risk,0,FiQA
280,$YELP This goes green and so many shorts are toast!,2,FiQA
281,$NFLX VISION : short term consolidation then movement higher http://stks.co/j05uu,2,FiQA
282,$BBRY both 1m/6m trends turn bullish today with a resistance level at $11.31. http://stks.co/j1qt6,2,FiQA
283,$SBUX downgraded to neutral at Deutsche Bank. Price target reduced to $64 from $70.,0,FiQA
284,AstraZeneca weighing up Acerta bid to secure blood cancer drug,2,FiQA
285,$CYTX looks like an ascending channel on Finfiz http://stks.co/f26r4,2,FiQA
286,Morrisons book second consecutive quarter of sales growth,2,FiQA
287,"$VRTX Vertex. Monthly -lower hi/lower lo,  Long term uptrend intract so far",2,FiQA
288,$AAPL I am big OUT from this. seems its falling towards 530.. :(,0,FiQA
289,Citrix Systems Inc $CTXS Position Increased by Mizuhoâ¦ https://t.co/v7Lkq08Flp @ShareStockNews,2,FiQA
290,"Casinos red before the bell: $LVS -0.75%, $WYNN -0.47%, $WYNN -0.47% > unusual comibinations of what's running, what's red before the bell",0,FiQA
291,Sainsbury's says to outperform rivals in tough market,2,FiQA
292,Is Trouble Brewing At Legal & General Group Plc And Aviva plc?,0,FiQA
293,"$WFM Bought a little yesterday, hoping for an earnings pop.",2,FiQA
294,@pierrules: $SIRI LONG!!,2,FiQA
295,"Despite sales growth, UK's Tesco cautions recovery to be bumpy",0,FiQA
296,Apple Inc.: The Rip-Roaring Rally Is Just Beginning! (AAPL) | InvestorPlace $AAPL https://t.co/jrcFC8XlY9,2,FiQA
297,$TSLA gyrating @ S1 above gap. keeping an eye on S2 http://stks.co/jQfB,2,FiQA
298,$INO back in this am small post,2,FiQA
299,BHP Billiton drags FTSE lower after slashing dividend,0,FiQA
300,@chessNwine: $IWM 30-Minute Chart. Small caps threatening descending triangle breakdown under $110.20.  http://stks.co/r0KKm,0,FiQA
301,Greene King's third quarter sales boosted by festive season,2,FiQA
302,$SKH http://stks.co/163e Long setup. Watch for continuation and volume expansion here. Hot sector.,2,FiQA
303,$BBRY Sierra. Has a great cash balance and impressive growth rate.Would be a wonderful marriage!,2,FiQA
304,@scottrade Why is $tsla not available for shorting at this time?  Same for $w?,0,FiQA
305,$NFLX +1% $104.80 LONG streaming services rapidly outpacing traditional cable,2,FiQA
306,Shire proposes $30 bln all-share tie-up with Baxalta,2,FiQA
307,$GOOGL is a short below 740 into the upper BB and is overbought,0,FiQA
308,Old Mutual First-Quarter Sales Up 18% Buoyed by Emerging Markets,2,FiQA
309,$CERN - consolidating above 50 & 200 MA - nice long entry here w stop below 10 MA - targeting $70 area,2,FiQA
310,Slowly adding some $FIO here but gotta be careful. This will be one of biggest winners in 2012,2,FiQA
311,"Goldman Sachs, Barclays, HSBC downplay Brexit threat",1,FiQA
312,$HRL ready to pop! http://stks.co/s0Ny4,2,FiQA
313,Spain's Caixabank launches new takeover bid for Banco BPI,2,FiQA
314,"EU regulators clear $100 billion-plus AB InBev, SABMiller deal",2,FiQA
315,@Vegastrader66 Looks like good entry for $QIHU here.,2,FiQA
316,Severn Trent share price rises as first half profit inches up as customer ...,2,FiQA
317,"EXCLUSIVE-BP, China's CNPC to unveil oil alliance - sources",2,FiQA
318,"Whitbread Profit Up As Sales Continue To Rise, Looking For New CEO",2,FiQA
319,"$CTRP just broke resistance, watching for a #redtogreen #breakout right out of the gate tomorrow morning. #stocks https://t.co/8VXFUUIt04",2,FiQA
320,@1nvestor: $SODA has a 42.71% Float Short. LoL  http://stks.co/e0DfP,0,FiQA
321,$WMT BULLISH with MACD CROSSOVER with RSI and STO going up - above 73.4$ MA50 res. could run http://stks.co/gGCq,2,FiQA
322,$AAPL Beat the estimates. Will still go down on lack of new products. https://t.co/sX3z7u6N8o,0,FiQA
323,UK's FTSE has worst day so far in 2015 as BG and Prudential fall,0,FiQA
324,$COST short finally making gains. I will take half my gains at 147,0,FiQA
325,$YHOO A breakout above $29.83 would constitute a technical entry for the short term trader. http://stks.co/jkUF,2,FiQA
326,"$YNDX and the price of some stocks was 2 times lower then annual earnings, I could not resist, I  was buying when everyone was selling",2,FiQA
327,$AMGN And #UCB Announce Positive Top-Line Results From Ph3 Study Evaluating Romosozumab In Men... https://t.co/4hBoUDR8B8 via @YahooFinance,2,FiQA
328,$TSLA recall,0,FiQA
329,UPDATE 3-Stifel to buy former Lehman brokerage from Barclays,2,FiQA
330,Petrofac books further ÃÂ£30m cost for Shetland gas terminal delays,0,FiQA
331,"$FB trend, hits mid 110's and drops",0,FiQA
332,"$ESI on lows, down $1.50 to $2.50 BK a real possibility",0,FiQA
333,FTSE edges up as investors cheer Kingfisher results,2,FiQA
334,"Berkshire discloses unit's ties to Iran, opens probe",0,FiQA
335,$FB gettin in the buy zone soon ;),2,FiQA
336,$ATHN Seems like a good short setup. Stop above the 50 day. No position.,0,FiQA
337,Citigroup to Sell OneMain to Springleaf for $4.25 Billion,2,FiQA
338,$AAPL Goldman Sachs reiterates conviction buy on Apple with a $155 PT $SPY $DJIA $GS https://t.co/h5hmXSITwM,2,FiQA
339,"Isolationism? Another Sell Rating, Sell Ratings On SPY, QQQ, IWM And Several Companies https://t.co/6NKWEcrBA5 $AAPL $AXP $BAC $BLUE $FXE",0,FiQA
340,Hargreaves Lansdown share price falls as costs mount - although pensions ...,0,FiQA
341,Lloyds Banking Group's share price lifts amid reports bank is poised to axe hundreds of UK jobs,2,FiQA
342,$SPY wouldn't be surprised to see a green close,2,FiQA
343,Sainsbury sales slip again as price pressures take a toll,0,FiQA
344,Compass Group says positive for year ahead,2,FiQA
345,SABMiller revenue hit by weaker EM currencies,0,FiQA
346,$NUAN held up well after the big gains! Maybe we're finally on the move on this!!its still very undervalued and has major upside,2,FiQA
347,$FB slight green... May be runner later,2,FiQA
348,$WFT closng higher from here,2,FiQA
349,$TSPT  long 8.00,2,FiQA
350,MarketsShire up 2.5% and Baxalta up 6% on $32bn deal,2,FiQA
351,Shire CEO steps up drive to get Baxalta board talking,2,FiQA
352,"Long Position on $IP,....Scaling UP http://stks.co/sIln",2,FiQA
353,ALERT: New MACD signal created on $CTXS - Buy at 77.09 - Time: 18:23 - Strength: 10. Powered by https://t.co/4TdgjEDLLZ,2,FiQA
354,"$RUSS Don't catch falling knives, but I think an entry is coming soon on this",2,FiQA
355,$DXCM - Making higher highs & higher lows as it consolidates over past several weeks. 26.70 was all time high (2006).,2,FiQA
356,UPDATE 1-EU regulator backs approval for GSK injectable asthma drug,2,FiQA
357,"I'm liking the price action in $SWKS, currently @21.80 ; my target: 24.00+ before year end.",2,FiQA
358,@Dojiknows th SP and the potential of QNX BES10 and BBM  cross platform will bring good news in time $bbry,2,FiQA
359,"$KGC http://stks.co/3Qta Oversold, falling wedge and positive divergence place it on the launch pad; looking for a bounce.",2,FiQA
360,Berkshire applies to boost Wells Fargo stake above 10 percent,2,FiQA
361,@Renatta @Fr0van @kjepeneter @RPTL  Strong close 4 $PLNR  coming,2,FiQA
362,"It's a bad idea to make 5 min predictions based on faith: RT @dandyduct $AAPL Sell signal hit at 584, it will go down for the next 5 min",0,FiQA
363,Supreme Court Upholds $236 Million Jury Award Against ExxonMobil,0,FiQA
364,Netflix Grows Efforts To Create Loyal Customers $NFLX https://t.co/5QXBkoBphe,2,FiQA
365,5-star analyst @brianwieser from Pivotal Research upgraded rating on $GOOGL to BUY. Brian has a 79% success rate https://t.co/t0dn02EOH5,2,FiQA
366,"EU drops Shell, BP, Statoil from ethanol benchmark investigation",2,FiQA
367,ARM Royalties Accelerate as Smartphone Market Regains Strength,2,FiQA
368,$CRK time to accumulate for a long position with far more upside than downside,2,FiQA
369,$EDU bouncing nicely after add-on (posted),2,FiQA
370,Aviva weighs cash handout after beating profit forecast,2,FiQA
371,longed $AMZN 300 @ 189.82,2,FiQA
372,$BWLD bearish engulfing candle,0,FiQA
373,Spain's CaixaBank Expects To Close Deal For Banco BPI,2,FiQA
374,AstraZeneca wins FDA approval for key new lung cancer pill,2,FiQA
375,"$TSLA recalls 2,700 Model X cars. Stock dropping hard...",0,FiQA
376,$YANG Double bottom 5.2,2,FiQA
377,"$WGO's BoD was right to reject the offer. That company is low because of the economy, not because of any type of mismanagement or anything.",2,FiQA
378,$FIO won't stay down,2,FiQA
379,"Sold out $TZA 45 $PUT (down $1), which were hedging my 45 $CALL. Letting the calls ride solo now.",2,FiQA
380,"@CGrantWSJ I think this $TSLA bubble might go on for some time. So long as ppl love the cars, they might keep getting funding.",2,FiQA
381,NaturalGas Settles At 3-year Low $DBO $BNO  http://stks.co/d27qX,0,FiQA
382,$vxx adding to position here !,2,FiQA
383,Windows 10 is awful why did it force an upgrade on my pc without my consent? #windows #Microsoft $msft,0,FiQA
384,"Really surprised by how much $FB has now fallen. Thought there'd be some support around the 50d, but I guess not.",0,FiQA
385,$NEON oversold,2,FiQA
386,"RT @Dasan @TMTanalyst ...since $AAPL mastered their supply chain // in cornering NAND, Apple mastered EVERYONE'S supply chain!",2,FiQA
387,#FusionIQ NEW Positive Timing Signal on $SBUX Today https://t.co/9ImlXz4YNa Please Retweet #Signals,2,FiQA
388,AstraZeneca suffers setback after drug fails to treat eye cancer,0,FiQA
389,$aapl.  Test the high today and probably go beyond after hours...,2,FiQA
390,Diageo Sells Ryder Cup Venue Gleneagles Hotel to Ennismore Group,2,FiQA
391,Johnson Matthey revs up on clean air drive,2,FiQA
392,$XLI Potential intermediate top in an Uptrend on a 60'-15'-4' charts http://stks.co/j1TdF,2,FiQA
393,RT @ACInvestorBlog $AAPL still on track for $500,2,FiQA
394,Primark racks up a happy Christmas after strong sales,2,FiQA
395,$AMCN pushing highs,2,FiQA
396,Adobe Receives New Rating from Top Analyst $ADBE https://t.co/LJNXPEvHZN,2,FiQA
397,"$RNN day traders flushed out, it should start going up slowly from now on .",2,FiQA
398,"$HLF shorts made a killing last couple days, might make more if cover and buy back?",0,FiQA
399,BP joins forces with Det Norske in Norway,2,FiQA
400,Balfour Beatty plc Set To Reinstate Dividend (And Rival National Grid plc And Centrica PLC Once More?),2,FiQA
401,"CaixaBank, dos Santos Agree on Plan for BPI Angola Exposure",2,FiQA
402,$vxx starting to creep up while $spy sits near hod ...,2,FiQA
403,AB InBev attacks SABMiller bid rebuffal,0,FiQA
404,"$HSC Receives 7-Year, $50M Contract at New Saudi Arabian Steel Mill",2,FiQA
405,$VIPS similar pattern like beginning of May. Did u sell? Same now..will go up much higher after this drop.,2,FiQA
406,Amazon declares 'best ever' Black Friday and Cyber Monday for Kindle family http://stks.co/cEtw via Engadget $AMZN,2,FiQA
407,"Tesla Motors recalls 2,700 Model X SUVs https://t.co/BFWS3DbM0U $TSLA",0,FiQA
408,Credit Suisse poaches Prudential's Thiam for Asian push,2,FiQA
409,what is up with $HK..... from Jan to now it's been a sinking ship...,0,FiQA
410,$FB watching for bounce tomorrow,2,FiQA
411,$NFLX I say it's time to short at this point.,0,FiQA
412,$RNN staying above the open a very good sign!!!,2,FiQA
413,$BBRY Actually lost .03c per share if U incl VZ as no debt and 3.1 in Cash.,0,FiQA
414,Tata Steel working with StanChart for UK unit sale - source,2,FiQA
415,ARM Holdings plc Partners With International Business Machines Corp. To Drive ...,2,FiQA
416,"RPT-Old Mutual Q1 gross sales beat forecasts, up 18 pct",2,FiQA
417,Priceline's stock jumps to new high for the year after Barclays upgrade,2,FiQA
418,Bunzl Lifts Dividend Again As Acquisitions Continue To Boost Profits,2,FiQA
419,"Are Aviva plc, Direct Line Insurance Group PLC And Admiral Group plc Set To Soar?",2,FiQA
420,"@TraceyRyniec not just energy, it's so broad. You will see it in WWG and Kaman as well. I'd be short $fast",0,FiQA
421,HSBC Hit by Fresh Details of Tax Evasion Claims,0,FiQA
422,"Aviva, M&G suspend property funds as investors panic",0,FiQA
423,"@SOULLOR the regular scrappy Q $SWY usually presents. Sales weak, margins down, debt still way up.",0,FiQA
424,RBS will reportedly appoint Howard Davies as its next chairman,2,FiQA
425,"UPDATE 3-BP settles oil spill-related claims with Halliburton, Transocean",0,FiQA
426,"Hammerson, JV Partner secure ownership of Ireland's Dundrum - Quick Facts",2,FiQA
427,Rolls-Royce Wins $9.2 Billion Order From Emirates Airline,2,FiQA
428,AstraZeneca to Buy ZS Pharma for $2.7 Billion,2,FiQA
429,Why Alphabet Inc was just upgraded to buy https://t.co/dEVnLKhqtZ $GOOGL,2,FiQA
430,"$INO Up, up, and away!",2,FiQA
431,$renn topping tail 5 min. chart at 7.31 short from here.,0,FiQA
432,$FB i guess they want it down look at the those sell orders,0,FiQA
433,$UUP at major resistance right now. Can go much higher if it can break above. May take several attempts - few days to a week,2,FiQA
434,easyJet expects resilient demand to withstand security fears,2,FiQA
435,SAB's Chairman Digs In With Board Divided on InBev Offer,2,FiQA
436,$WYNN big bounce,2,FiQA
437,"$TSLA 5th wave down on the 1 hour chart, hammer candle developing, close to 200 sma, might be a good spot for calls",2,FiQA
438,Tesco shares jump 6% after Christmas sales beat expectations,2,FiQA
439,Looks like its booking a one way ticket to its 40 week MA near 50. Losing 10 week here $LULU http://chart.ly/7xb9h9b,2,FiQA
440,VIVUS $VVUS bear raid in effect. Stock down 12%,0,FiQA
441,$IWM relative weakness is pretty apparent but the short boat is getting full on this one. I prefer the boat closer to empty.,0,FiQA
442,$GPRO down 25% since Tue morning.,0,FiQA
443,$GOOG breakout very likely medium target $700+ http://stks.co/1Lpz http://chart.ly/lgb94rr,2,FiQA
444,Royal Mail chairman Donald Brydon set to step down,0,FiQA
445,long $SDLP $CPGX $TWTR $BITA $LABU $FB $TSLA $ETE $SDRL  Autocharts @ https://t.co/nxLx1ES7nY,2,FiQA
446,Short more $FAZ for all who don't know that means markets will tank now :-p,0,FiQA
447,$ISRG PT raised to $700 from $640 at Leerink - keeps Outperform rated,2,FiQA
448,$GPS Gap September Comparable Store Sales -4%,0,FiQA
449,bot $AMZN 600 weekly calls here @ 5.93,2,FiQA
450,Unilever profit rises despite sales slump in China,2,FiQA
451,"UPDATE 1-Nomura, RBS must pay $806 mln in mortgage bond case-US judge",0,FiQA
452,Zurich Insurance Considering Offer for UK Rival RSA Insurance,2,FiQA
453,Morning Agenda: Shire's Deal for NPS,2,FiQA
454,$fb small long 109.25 via calls,2,FiQA
455,$FB turns back down in early trading.... https://t.co/reuf5PzhBm,0,FiQA
456,Tesco PLC's Recovery Continues With A ÃÂ£250m Cash Infusion,2,FiQA
457,GSK and Novartis complete deals to reshape both drugmakers,2,FiQA
458,"$SINA even though the ""report"" is untrue and has been proven unture, the damage is done. No one wants to touch it now",0,FiQA
459,BRIEF-Aviva aims to increase dividend pay-out ratio to 50 pct in 2017,2,FiQA
460,$AAPL short some 592.49,0,FiQA
461,InterContinental Hotels Denies Reports of Starwood Merger Talks,0,FiQA
462,$brcm raises revenue forecast,2,FiQA
463,"WPP, World's Largest Ad Agency, Reports Strong 2015 Growth",2,FiQA
464,$DNKN $KKD $DPZ $LOCO Inside week buy triggers. http://stks.co/h0vV8  http://stks.co/r0ebN,2,FiQA
465,UPDATE 1-Cypress Semiconductor offers to buy Integrated Silicon Solution,2,FiQA
466,Diageo sales disappoint as currency and comparatives leave bitter taste,0,FiQA
467,$SIGA Bid for Reargument Denied by Judge,0,FiQA
468,Shell share price: Standard Life announce position against BG acquisition,0,FiQA
469,$TSLA upgraded to Buy @ Argus w/ $333 PT - you'd almost think after ~100pt run in 5 weeks this would be the sell signal,2,FiQA
470,$CAMT Looks like might break down. I'm out,0,FiQA
471,Tesco share price down as grocer faces SFO investigation outcome,0,FiQA
472,"BHP Billiton slashes dividend, posts $5.67 billion net loss",0,FiQA
473,Academics claim Google Android two-factor authentication is breakable. #security #authentication #hacking $goog https://t.co/nJx4mnrGLo,0,FiQA
474,EU regulator backs approval for GSK injectable asthma drug,2,FiQA
475,Barclays Bonds Rise as Lender Cuts Dividends to Shore Up Capital,2,FiQA
476,$AAPL at resistance right here...sold my shares...will buy back if it dips or if it goes in the 128 gap zone,0,FiQA
477,"Are ARM Holdings plc, Domino's Pizza Group plc and ASOS plc 3 must-have growth stocks?",1,FiQA
478,$BAC in for swing trade  looks like want go up,2,FiQA
479,$TSLA <STUDY the CHARTS> Pullback_Time https://t.co/ZMDG0fb3I7,0,FiQA
480,i-Grid shows $DIA capped for the long term at range of 123.40- 124.77;any rally beyond today's levels or into this range leads to meltdown.,0,FiQA
481,AstraZeneca Acquires ZS Pharma in $2.7 Billion Deal,2,FiQA
482,"FastJet slams EasyJet founder Stelios for going public, is 'taking legal advice' over letter about contractual ...",0,FiQA
483,GlaxoSmithKline set to complete $20 billion Novartis asset swap next week,2,FiQA
484,Johnson Matthey share price slumps as company posts full-year results,0,FiQA
485,CORRECTED-Shire to buy Dyax for about $5.9 bln,2,FiQA
486,"$SBUX down PM, from $DB downgrade.. PT cut from 70 to $64",0,FiQA
487,$COST Costco less than stellar day but it held the 50 day moving average,0,FiQA
488,Merkel's Government Said to Support Deutsche Boerse-LSE Merger,2,FiQA
489,WPP wins race for 'programmatic buying' agency Essence Digital,2,FiQA
490,Chime Communications Set To Be Acquired By WPP And Providence,2,FiQA
491,$RSOL bought 3500 shares today!,2,FiQA
492,5 Best Analyst Rated Stocks in Last 72hrs: $ORCL $AAPL $CBS $INO $CPXX View all ratings here: https://t.co/IRID6zd5gc,2,FiQA
493,$IWM same conditions that sent markets to tumble all hitting this week,0,FiQA
494,"$DPZ broke out now of his bull flag channel and make new highs, but volume is very poor",2,FiQA
495,$SPY c'mon bulls buy DIPS!,2,FiQA
496,"$DGI technical alerts: Gilligan's Island Buy Setup, Stochastic Buy Signal, Lizard Bullish, Hammer Candlestick, Wid... http://stks.co/c29Nu",2,FiQA
497,$NFLX and $TSLA making all kinds of gains ð,2,FiQA
498,$GOOG Testing the 200 day after some consolidation http://stks.co/h0cPJ,2,FiQA
499,$YHOO making new HOD,2,FiQA
500,$BBRY bye bye Sammy. Hello BB. Sounds like we'll see some green tomorrow.,2,FiQA
501,"$pcln back over ""up"" trendline from 10/4",2,FiQA
502,Activision Blizzard Media Networks Announces Record #Esports Viewership https://t.co/729BiqLbtK $ATVI partnered with $HDSI for 9 #tournament,2,FiQA
503,Starbucks' Digital Strategy To Drive Significant Growth With Customer Loyalty https://t.co/9Q7cI79IYO $SBUX,2,FiQA
504,That bearish outside day Tuesday is significant. 200 day resistance still intact. just my opinion $SDS http://chart.ly/2bey48t,0,FiQA
505,Seat belt recall? who cares....  I'm a buyer $TSLA,2,FiQA
506,"took some $ENDP long this am, using VWAP as guide",2,FiQA
507,London Stock Exchange Shareholders Approve Merger With Deutsche BÃÂ¶rse,2,FiQA
508,Looking for a strong bounce $SPY -- Lunchtime rally coming. $DIA $IWM $QQQ $AA $FB,2,FiQA
509,CompaniesUnilever sales lifted by ice cream in soft economy,2,FiQA
510,"$FB trending nicely, intraday.",2,FiQA
511,Costco: A Premier Retail Dividend Play https://t.co/Fa5cnh2t0t $COST,2,FiQA
512,$PCLN Back to Back intraday reversals look out below. Shorts moving in!,0,FiQA
513,My $DWA play up 6% today. I'm still skeptical. Will take profits. Not a time cheer,0,FiQA
514,"RT @joemccann the correleation between the dollar index and $SPY is simply amazing. $DX finds support, $SPY retreats like clockwork",0,FiQA
515,TalkTalk hires BAE Systems to investigate cyber attack,0,FiQA
516,$FB (110.20) is starting to show some relative strength and signs of potential B/O on the daily.,2,FiQA
517,$ASTX Daily technical indicators are bullish. Breakout watch over 4.58  http://stks.co/eOvw,2,FiQA
518,"$IMRS - it's important to be pragmatic in analysis...high prices could offer head-winds....bullish story intact,evenif the market rolls over",2,FiQA
519,"Tesco, Asda sales fall as march of the discounters continues: Kantar",0,FiQA
520,BULLISH Engulfing of COCA COLA: http://stks.co/fYCo $KO,2,FiQA
521,"Lots of metal stocks look like a 5-10% run awaits. Long $SSRI,$PAAS and $NEM but most high quality names should go if metal prices cooperate",2,FiQA
522,Followed the levels I shared with you on $NFLX $GOOGL $TSLA calls for nice gains. Still holding $FB 110 calls. Week made in a morning.,2,FiQA
523,"Tesco set to sell Kipa, Giraffe businesses - Sky News",0,FiQA
524,"RT FITZSTOCK2004: $IYT http://stks.co/1NBF the Transports always lead  the way, and  they broke DT  line  1st, MACD cross,  bull  flag=",2,FiQA
525,ICE Said to Start Lining Up Financing for LSE Bidding War,2,FiQA
526,$EBAY had a nice breakout of the recent consolidation. Congrats to those who had it. http://stks.co/2TAd,2,FiQA
527,$CAT is hangin on my a thread. 1click away from a cliff drop.. Needs follow through (or snap-back on the VIX),0,FiQA
528,"BPI Says Caixabank, Isabel dos Santos Reach Agreement Over Angola Exposure",2,FiQA
529,"Also, BMO had just initiated $incy with an outperform yesterday, while several other firms all reiterated buy ratings.",2,FiQA
530,"that was quick, out $FIO 21.35, market tanking, scaling down longs now",0,FiQA
531,#LongPos $TSLA 256 Break-out thru 50 & 200- DMA (197-230) upper head res (274-279) Short squeeze in progress Nr term obj: 310 Stop loss:239,2,FiQA
532,$PPG Descending triangle but I am liking it for an upside break http://stks.co/o9nY,2,FiQA
533,Long $VVUS shares as a call option w/ an expiration of..  umm.. TODAY.    Hitting HOD here.,2,FiQA
534,Insight hires Aviva's David Hillier for multi-asset team,2,FiQA
535,Synergy Pharma Soars 67% Today On Positive Phase 3 Results $SGYP http://stks.co/j2awg,2,FiQA
536,"Isolationism? Another Sell Rating, Sell Ratings On SPY, QQQ, IWM And Several Companies https://t.co/j35FNnx744 $AAPL #APPLE $AXP $BAC",0,FiQA
537,"$GMCR with the way this has been acting, it may fall to 65 today, horrible action since it hit 70 yesterday",0,FiQA
538,$LEE http://stks.co/24kM LEE ready to exit bankruptcy. Strong volume today.,2,FiQA
539,Pivotal Research upgrading $GOOGL to buy.  https://t.co/LSahepdqhD    #stocktrading,2,FiQA
540,Yahoo stock is up to $36.46 as the bidding war picks up for the company https://t.co/JDNZXDCMkl $YHOO https://t.co/HmOegfHgvn,2,FiQA
541,"$STX long play, another consistent profit zone.. check it out https://t.co/DQfuzOzYlh https://t.co/ggne4ayzqn",2,FiQA
542,$ZNGA http://stks.co/3rdu Looking for a test at 9.25 resistance point. cc @ cfrazierjr @FletchTrade #traders,2,FiQA
543,$FB I've been dead on so far. Such a bloated valuation. https://t.co/czCf8Kbrlt,0,FiQA
544,AstraZeneca profit down as sales of stalwarts fade,0,FiQA
545,$WX Decent pull back . .,0,FiQA
546,"$AAPL bounce right now has no vol, more vol when it slid",2,FiQA
547,X marks the recall: Tesla recalls #ModelX for faulty 3rd row seat. https://t.co/HSqdoVry07 $TSLA https://t.co/4Cs3CNZEBB,0,FiQA
548,"$AAPL at pivot area on intraday chart- break here could send this to 50-day SMA, 457.80 http://stks.co/jPbN",2,FiQA
549,"@HopeTurock yes, the expectations of a deal are somewhat priced in but we could see a nice pop if bids come in higher than expected... $YHOO",2,FiQA
550,BG Group Still Happy With Shell's $70 Billion Offer,2,FiQA
551,"FTSE led lower by M&S, GlaxoSmithKline",0,FiQA
552,$LNKD Daily Phase 2 retest - Price experiencing early rejection. Can it retest? http://stks.co/t04xX,0,FiQA
553,Borealis Infrastructure putting together new Severn Trent bid,2,FiQA
554,$RCON some upside today. This thing is severe low float. If there is catalyst for this guy. It can run.,2,FiQA
555,long $AAPL,2,FiQA
556,easyJet leads Britain's FTSE lower as global bond rout resumes,0,FiQA
557,"Daily Mail owner considering Yahoo bid $yhoo ,up 2,05% https://t.co/extZr1riyP",2,FiQA
558,$CIEN http://stks.co/dZU CIEN seems to have broken out of a major horizontal resistance. Targets $14.35.,2,FiQA
559,S&P downgrades Barclays and RBS on government bailout fears,0,FiQA
560,$TSLA is now up 57% from its February low. Amazing rebound.,2,FiQA
561,$SPY  still wants higher I think.,2,FiQA
562,Retailers Kingfisher and Sports Direct rise in Britain's share index,2,FiQA
563,Shire share price under pressure after $32bn Baxalta deal,0,FiQA
564,$JNK http://stks.co/2Fcm Does not want to go down... risk appetite still high,2,FiQA
565,$ENDP Was looking for a long entry but today's price action wasn't appealing,2,FiQA
566,Germanwings disaster will not affect image of budget air travel - easyJet,0,FiQA
567,$SAVE breaking it's downtrend line on increasing volume. A move above 20.57 could see more upside. http://stks.co/l8y4,2,FiQA
568,"ACE Limited, which has a 17 year dividend growth streak, plans a 33% dividend hike: http://stks.co/1BUE $ACE",2,FiQA
569,$NUGT Gold above 1400...wow,2,FiQA
570,"FTSE rallies off three-month low, boosted by StanChart, Sainsbury",2,FiQA
571,$AMRN It's accumulating. I think buy now or hold your peace. This should go up today/tomorrow.,2,FiQA
572,Long $ENDP @ $26.23 on $AGN b/o rumor,2,FiQA
573,$GILD  is expanding its research facilities...keeping up with the pace of innovation  https://t.co/uOE7FJ4LOP,2,FiQA
574,3-star analyst Joe Wittine from Longbow Research reiterated a HOLD rating on $NTAP.,2,FiQA
575,AstraZeneca chases Acerta to secure next cancer drug winner,2,FiQA
576,Anheuser-Busch InBev Increases Offer for Rival SABMiller,2,FiQA
577,"$KNDI Let's see some higher highs and higher lows rest of the day , slow and steady",2,FiQA
578,$ISRG Break out confirmed. Bought Leaps. Good trading!,2,FiQA
579,$SBUX inverted head & shoulders pattern in the works. bullish.,2,FiQA
580,$JD down 20% in after-hour market. anyone care to explain why?,0,FiQA
581,"$IFF technical alerts: Stochastic Sell Signal, 200 DMA Support, and 50 DMA Support  http://stks.co/p12QY",0,FiQA
582,"FTSE 100 falls as China devaluation hits Burberry, mining stocks",0,FiQA
583,#NDX component Tesla has announced it is recalling 2700 Model X SUVs. $TSLA,0,FiQA
584,"#Apple breaks major support, here are some levels to watch - http://stks.co/jRmW $AAPL $QQQ",0,FiQA
585,"$TSLA lots of green on the 5 min, watch the hourly $259.33 possible resistance currently @ $257.00",2,FiQA
586,Miners Meltdown as BHP to Rio Tinto Sink in Commodities Rout,0,FiQA
587,$SPY Don't hang your bull hat yet. Next week we will pop higher on QE3 hope on back of fed's 2 day meeting.,2,FiQA
588,CompaniesLSE adds ex-SEC head Schapiro to board,2,FiQA
589,Short on $ATVI from 24.55.,0,FiQA
590,$SPPI..building RS. Sweet. I want this to break a new 52week. The earnings growth justifies way higher,2,FiQA
591,ITV share price jumps on report of Comcast's NBCUniversal bidding to takeover ...,2,FiQA
592,Microsoft joins the open-source Eclipse Foundation https://t.co/z8G5cZaKeU focus on collaboration & open business is a smart strategy! $MSFT,2,FiQA
593,$SPY $MITK fast 56pc dive http://stks.co/3ffN $$,0,FiQA
594,"$AAPL Taking out the shorts here, a punishing reminder not to spear the  strongest in the herd.",2,FiQA
595,$TSLA not dipping - testing the 200 day ma https://t.co/jEPLmZQKGW,2,FiQA
596,Glaxo's ViiV Healthcare Signs China Manufacturing Deal With Desano,2,FiQA
597,Tesco Abandons Video-Streaming Ambitions in Blinkbox Sale,0,FiQA
598,Glencore chief blames rivals' overproduction for share price fall,0,FiQA
599,$NFLX +3% of the lows,2,FiQA
600,Tesco's Sales Pickup Isn't Enough,0,FiQA
601,"$TXRH reports Q1 EPS of $0.37 versus the estimated $0.35, beating by $0.02. EPS were Up 19% from the same quarter last year.",2,FiQA
602,Barclays share price subdued as bank faces fresh forex probe,0,FiQA
603,$AAPL Right back in ... - Buy the dips brought to you by CNBC. LOL,2,FiQA
604,CompaniesFresnillo shares jump 8% as silver price breaks $21,2,FiQA
605,$NSM ascending base breakout starting to gain traction; strong stock http://stks.co/gBSH,2,FiQA
606,"Broker tips: RBS, Croda, Sage",2,FiQA
607,FDA approves Shire's Vyvanse for binge-eating disorder,2,FiQA
608,Tesco criticised for 'disgraceful' advert showing domestic worker being slapped,0,FiQA
609,ESPN Files Lawsuit Against Verizon - http://stks.co/i2Cj1 $VZ,0,FiQA
610,$LINE biggies must be loading up here at lows..,2,FiQA
611,$MXWL Oh snap. Just went long again. LT,2,FiQA
612,$IACI http://stks.co/tJU Looks good on the weekly chart.,2,FiQA
613,Legal & General arm buys 50 pct stake in MediaCityUK in Manchester,2,FiQA
614,$MSFT SQL Server revenue grew double-digit with SQL Server Premium revenue growing over 30% http://stks.co/ir2F,2,FiQA
615,Tesco sales rise shows tentative recovery continues,2,FiQA
616,$BOBE down $2.84  premarket,0,FiQA
617,$SBUX getting sold here.,0,FiQA
618,New recommendation from Carl Kirst of BMO Capital Markets for $WMB is BUY.Price target is $62:http://stks.co/t0S0r,2,FiQA
619,$AMZN Trailing 12 months operating cash flow rose 48% to $4.98 billion & free cash flow decreased 63% to $388 million http://stks.co/c06zG,0,FiQA
620,$FB & $TSLA cracking lower early. $short #correction #stocks,0,FiQA
621,$AMRN You can many times find top and bottoms when shorts start rejoicing or bulls start rejoicing. Currently it is the shorts rejoicing,0,FiQA
622,#Tesla Model S deliveries are up 35% in Germany - record deliveries in March [Chart] https://t.co/yCnClcBImV  $TSLA,2,FiQA
623,Hargreaves Lansdown bucks weak markets to see assets rise 2.6 percent,2,FiQA
624,Infection worries prompt regulatory reviews of Gilead leukaemia drug $GILD https://t.co/H9vqXpZ15G via @YahooFinance,0,FiQA
625,$RAD I would consider this opportunity to add my position because the company is on the right track they are still improving sales...,2,FiQA
626,"U.K. Stocks Resume Gains to Rally to Record; CRH, Tullow Climb",2,FiQA
627,"Baird likes $TSLA - upgrades to outperform, lifts price target to $300. Research firm also sees no capital raise necessary in next few qtrs",2,FiQA
628,Preparing for a Breakout Trade in Netflix $NFLX  https://t.co/CzHIX3tuAG $$ https://t.co/z1qb9xa4LD,2,FiQA
629,Horizonte acquires neighbouring Glencore nickel property in Brazil,2,FiQA
630,UPDATE 1-Berkshire applies to boost Wells Fargo stake above 10 pct,2,FiQA
631,"Aldi and Lidl expansion plans speed ahead as Tesco, Sainsbury's, Morrisons ...",2,FiQA
632,"$CSX is up today to report.  Wall Street is expecting EPS to be at $0.37, and revenues at $2,732B.",2,FiQA
633,"UPDATE 1-BHP Billiton's credit ratings fragile in FY16, agencies warn",0,FiQA
634,AstraZeneca sells Caprelsa rights to Sanofi unit,2,FiQA
635,$TRX http://stks.co/1KkK Long setup. MACD cross.,2,FiQA
636,"UPDATE 1-AstraZeneca buys ZS Pharma for $2.7 billion, pips Actelion",2,FiQA
637,London Stock Exchange seals ÃÂ£22 billion merger with Germany's Deutsche BÃÂ¶rse,2,FiQA
638,Amazon has been selling surveillance cameras infected with malware $AMZN #Amazon  https://t.co/TohLEQ8FK6 https://t.co/5PR4cBtVVy,0,FiQA
639,Shell challenges Exxon dominance with 47 billion-pound bid for BG,0,FiQA
640,"$ENDP - we saw a large order in this one last week, someone also accumulating May & Jun 35's Calls today",2,FiQA
641,UPDATE 2-Pricey beers lift SABMiller's quarterly underlying sales,2,FiQA
642,Insurers: Admiral blows hot and cold but Aviva soars pre-Friends Life merger,2,FiQA
643,$LSCC Accumulation chart continues to make new highs showing accumulation continuing to take place http://stks.co/aDpO,2,FiQA
644,Brewer AB InBev seeks $275 bln tie-up with SABMiller,2,FiQA
645,"@louiebeene vwap is 1.63, held the trend line. Should be on a LOT of radars. $NAVB",2,FiQA
646,looks like a big feb 18-22 $put spread on $cree.  Last quarter 0% YoY rev growth trading @ 24x earnings.  I may try a short.,0,FiQA
647,$AAPL nibbling on a small long via 525.. buying off 13min charts..,2,FiQA
648,UPDATE 1-BP shareholders back more disclosure on climate change risks,2,FiQA
649,$ilmn piper Jeffries raises pt.  I remain long,2,FiQA
650,"Aviva, Friends Life top forecasts ahead of 5.6 billion pound merger",2,FiQA
651,$AEGN MACD and ADX are crossing over the signal lines! Long Setup http://stks.co/qzzx,2,FiQA
652,"Key price to watch in $NFLX, off the previous double top reject, 218.23 http://stks.co/sIYn",0,FiQA
653,@Joerazorback This time I think $AAPL will miss again. Generally speaking market is near top when everyone thinks that market goes only up,0,FiQA
654,AstraZeneca sells US drug rights to Perrigo for $380 mln,2,FiQA
655,$AAPL afternoon selloff as usual will be brutal. get ready to lose a ton of money.,0,FiQA
656,"Britain's FTSE falls back with Ashtead, commodities under pressure",0,FiQA
657,$AAPL long 630.91,2,FiQA
658,$COH Gaining Momentum! Nice buy signals here! Long Over $35.92 http://stks.co/t0tAh,2,FiQA
659,@CH_Roark: $UNXL I like this Ascending Triangle on the 30-minute chart. Breakout coming Monday! http://stks.co/aT3GLooks promising.,2,FiQA
660,LinkedIn Revenue Up Nearly 50% http://stks.co/g1F4T  $LNKD,2,FiQA
661,"$CNDO 21% short float, shorts likely to take profits into close",0,FiQA
662,"RT @StockTwits RT @fallondpicks Breadth Consolidates: After weeks of steady gains,advances in mkt breadth slowe... http://stks.co/2TrG $QQQ",0,FiQA
663,#Apple up almost 20% from its February lows with very little fanfare. $AAPL,2,FiQA
664,$BXS: BancorpSouth Announces Extension of Merger Agreements with ... http://stks.co/s2PDF,2,FiQA
665,$GILD chart: With $IBB back over support. https://t.co/GpRZ2UJFC4,2,FiQA
666,"Reuters: Green Mountain revenue misses, shares plunge http://stks.co/13mW > $GMCR prints 43.80, market in a foul mood, bad day to disappoint",0,FiQA
667,Tesco shareholders back ITV head for chairman,2,FiQA
668,Facebook $FB received a Buy rating from Wells Fargo 5-star Analyst Peter Stabler (Wells Fargo) https://t.co/jnB4c9vdCu,2,FiQA
669,$ISRG - ISRG Short - http://stks.co/f1vVU http://stks.co/c1qrm,0,FiQA
670,Imperial Tobacco Adds Quarterly Dividends After Profit Rose,2,FiQA
671,$EBAY  e-bay bay!  working on a couple daily dojis .. should continue to the downside  https://t.co/lgU0yBxEZe,0,FiQA
672,"$ONTY Continues to base as debate lingers. ONT-10 data next potential catalyst. If positive, stock quickly moves to $10. Downside limited.",2,FiQA
673,"Ingenious, HSBC, UBS and Coutts sued by 'tax avoidance' clients",0,FiQA
674,Morrisons and Debenhams surprise City with Christmas bounce back,2,FiQA
675,"$P bull flag on the daily, earnings on the table tomorrow +/-12 move.Will straddle this one into earnings..lots of vol guaranteed here",2,FiQA
676,Piper upgrades Symantec on improving renewal rates and enterprise growth $SYMC,2,FiQA
677,"RT @stockdemons think shorting here into close might be play, $SPY - high beta reversing..looks worth a shot",0,FiQA
678,"$TSLA on fire, what is that 6 up days in a row. Someone neeeeds!! in",2,FiQA
679,"Tesla Recalling 2,700 Model X Units, Related to Faulty Latch for Third-Row Seats; Fall To $252.50 Level on Recall, Shares Up 1%  $TSLA",0,FiQA
680,"Sainsbury's, Asda, Tesco and Morrisons will all cut petrol prices as oil falls ...",0,FiQA
681,Tesco closes in on new chairman with Dixons Carphone's John Allan in the frame,2,FiQA
682,$TSLA recall model X https://t.co/b7izYa4BuE,0,FiQA
683,Builder Persimmon hails 6% rise in house sales,2,FiQA
684,Thank you $GOOG (Google Alphabet) and $FB (Facebook) stocks! What a nice reversal.,2,FiQA
685,$AAPL near a 3% drop thats a lot... now the best i can do is HOLD ER lol,0,FiQA
686,Whitbread buys 49% stake in Pure food chain,2,FiQA
687,$PYPL great vol flow trade here.. Love this company long time.,2,FiQA
688,$DUG weekly stochastics finally starting to turn up after long consolidation. Buying here.,2,FiQA
689,Standard Life share price: Insurer buys advice firm Pearson Jones,2,FiQA
690,$XLB the weakest sector this year and possible false breakout  http://stks.co/dL1Z,0,FiQA
691,AstraZeneca Explores Potential Deal With Acerta for Cancer Drug,2,FiQA
692,CompaniesHome Retail trims gains but is considered 'in play',2,FiQA
693,Starbucks' Digital Strategy To Drive Significant Growth With Customer Loyalty $SBUX https://t.co/Xk6lZ3UI3K,2,FiQA
694,"$TSLA steaming up again, this stock is relentless at the moment",2,FiQA
695,"L&G still paying price for dividend cut during crisis, chief says",0,FiQA
696,$DARA breaking out,2,FiQA
697,AstraZeneca's MedImmune Inks Licensing Deal With Omnis Pharmaceuticals,2,FiQA
698,$SPY Tomorrow party time for the Bears!! $GOOG and $MSFT -5.5%,0,FiQA
699,RT @Street_Insider The Steve Jobs Effect? Apple $AAPL First Day iPhone 4S Sales Were Off the Charts http://stks.co/YYe,2,FiQA
700,Travis Perkins Hikes Dividend 20% As Profit And Revenue Rise,2,FiQA
701,EasyJet attracts more passengers in June but still lags Ryanair,2,FiQA
702,Added. Cost now at 1.54. Bounce off of Put OI & S1 pivot. @moteltan BTO $AAPL Apr 27 2012 605.0 Calls @ 1.66 for ride to 609 ish.,2,FiQA
703,"So as of today's close (8/15/14), I'm long $TSLA $AMTD $TWTR $FB $AAPL $CELG - all on a longer-term, technical swing long basis.",2,FiQA
704,Intertek Group announces strategic update outlining its plan,2,FiQA
705,"After Barclays and Bank of America, Citigroup has blockchain in sight",2,FiQA
706,Tesco sells Blinkbox and broadband service to TalkTalk,2,FiQA
707,$KEP breaking out when the market pulls back  http://stks.co/r0cet,2,FiQA
708,EA Launches Origin Online Game Distribution for Mac http://stks.co/aKTU via MacRumors $EA,2,FiQA
709,Severn Trent share price jumps as Canadian investor renews pursuit of utility,2,FiQA
710,Reed Elsevier share price slides on underwhelming full-year results,0,FiQA
711,$UTSI http://stks.co/15uR Long setup. Reported very good earnings.,2,FiQA
712,"Maglan Capital Up +20.84% In February, Long Fairpoint  http://stks.co/s1eQc $$ $FRP",2,FiQA
713,Industry NewsMorrisons unveils which stores will close as 900 jobs face the axe,0,FiQA
714,GE to Sell Majority Stake in Bank BPH's Core Bank to Alior Bank,2,FiQA
715,$TSLA I see more downside in next two weeks be careful -20 dollars drop potential vs +10 up moved,0,FiQA
716,$HITK  Resuming advance into new historical highs.,2,FiQA
717,"AstraZeneca bags another cancer drug deal, this time with Inovio",2,FiQA
718,CompaniesDixons Carphone to close 134 UK stores as sales jump,2,FiQA
719,GKN to buy Fokker Technologies for 706 mln euros,2,FiQA
720,for @vnoto74 to follow:  after a SELL signal by $NDX internals [06/23] ~> technical SELL $QQQ [06/25] ~> DOWN,0,FiQA
721,Why AstraZeneca plc & Dixons Carphone PLC Are Red-Hot Growth Stars!,2,FiQA
722,Friends Life lifts profits 38% and hikes divi ahead of proposed Aviva takeover,2,FiQA
723,"Philip Morris, BAT Sue Over Law Taking Branding Off Packs",0,FiQA
724,$NKE gapping up to all time highs http://stks.co/q1jAu #tradeideas http://stks.co/r1j6c,2,FiQA
725,I don't see it. 200 day sma is the big hurdle. There is a good base building. $NFLX  https://t.co/ImKYGO2cyc,2,FiQA
726,@Intuitiv $CLNE gasoline prices spike in California. http://stks.co/t1bOi,2,FiQA
727,HSBC Says Unit to Book $585 Million Charge on Settlement,0,FiQA
728,$HYG Potential continuation Uptrend on a 60'-15'-4' charts http://stks.co/t1Qp6,2,FiQA
729,"$AMZN rejected that 604 to the penny. Weak open and it goes r/g within first 30 mins, could have 8-10 points in it. https://t.co/58tEAEXxpE",0,FiQA
730,New Morrisons duo get former boss's support to diffuse investor tension,2,FiQA
731,RBS chairman admits surprise at size of regulatory penalties,0,FiQA
732,3rd red day in a row ? $TSLA,0,FiQA
733,"@BrooklynBandit: $SIMO Basing nice. A close over 24.18 is bullish $QQQ $SPY $STUDY watch for a close near HOD. Currently up +3%"" up +5%",2,FiQA
734,$GILD 91 now support. $IBB $BIB https://t.co/GIoOf6zbKv,2,FiQA
735,$SAVE long. https://t.co/yEJuS9cMlC,2,FiQA
736,Here come the shorts marchin' in.  $GMCR.  Lovin' it!,0,FiQA
737,REFILE-Hikma and Barclays help Britain's FTSE to climb higher,2,FiQA
738,Hard to find new buyers of $TSLA at 250.  Shorts continue to pile in.,0,FiQA
739,$AAPL AUG 645 calls +550% .67c: http://stks.co/i9T3,2,FiQA
740,$PLUG Closed short position. Small gain. Not interested in options expiring worthless,2,FiQA
741,"Apple expected to launch new iPhone, iPad today $AAPL https://t.co/XfnICWeBeG",2,FiQA
742,Retail giant Kingfisher reports 'solid' start to the year,2,FiQA
743,Shire says internal synergy goals from Baxalta deal higher,2,FiQA
744,"$CELG back near 104, where it opened and rallied higher last wk. A good place to take a shot https://t.co/zwHThSvFSF",2,FiQA
745,Royal Mail share price edges lower as group raises stamp price,0,FiQA
746,"Homebuilders - $RYL breaking below support, watch this one.  $SPY",0,FiQA
747,CompaniesTesco off to a bad start over Xmas Ã¢â¬â Kantar,0,FiQA
748,Current holdings via options - Long: $AAPL $V $GS $AET & Short: $VXX,2,FiQA
749,Shell to buy BG Group in $69.7 billion takeover,2,FiQA
750,$AXP Looking for continuation with volume increase http://stks.co/c8sR,2,FiQA
751,$MOS looking good here at $58.65. Calls are active in this month and weekly,2,FiQA
752,Asahi could be about to snap up more of SABMiller's beers ahead of AB InBev sale,2,FiQA
753,Investors Remain Skeptical About Shell-BG Deal,0,FiQA
754,Irish housebuilder Cairn Homes plans London listing,2,FiQA
755,Standard Chartered Shifts Emerging-Markets Strategy After Losses,0,FiQA
756,AstraZeneca diabetes drug combination faces delay after FDA rebuff,0,FiQA
757,$spy bumping its head on declining daily 8ma as overhead resistance. Then the big brother 50ma just above that.,0,FiQA
758,$DDD 3D Systems (DDD) Stock Receives Ratings Downgrade Today at Jefferies http://stks.co/g1cqd,0,FiQA
759,MT @TheAcsMan Amazing seeing everyone suddenly touting $MSFT. Long been favorite covered call & double dip dividend play.,2,FiQA
760,"Britain's FTSE steadies, supported by Dixons Carphone",2,FiQA
761,"$ATVI ooks pretty bullish for now. from a short-term perspective, it's got a good chance of maybe sliding back to 33.70 #stocks #investing",2,FiQA
762,"$TSLA TO RECALL 2,700 MODEL X SUVS FOR SEAT-BELT FIX",0,FiQA
763,"@harmongreg: $BBRY wkly, Inverse Head and Shoulders forming, triggers over 18.50, PO at least 30.80, watching http://stks.co/iPVJ",2,FiQA
764,"$QCOM chart: Qualcomm Short 61.8% Retracement, Trendline and Resistance. https://t.co/2WQqh35KOY",0,FiQA
765,$FB  rejecting HIGHS shortable...at 109,0,FiQA
766,"Intuitive Surgical $ISRG is in a great financial position, take a look https://t.co/VahhJAcBFG https://t.co/24hQTQX4ou",2,FiQA
767,"UPDATE: EasyJet Passenger Numbers, Aer Lingus Traffic Up In February",2,FiQA
768,Shell's $70 Billion BG Deal Meets Shareholder Skepticism,0,FiQA
769,$KITD Looking for a oversold bounce.,2,FiQA
770,Carnival Corporation and China Merchants Group Sign Memo of Understanding ...,2,FiQA
771,AB InBev offers SABMiller $3 billion breakup fee,2,FiQA
772,Bought some more $CELG as it is ready for a bounce.,2,FiQA
773,Diageo receives reports from United Spirits on financial irregularities involving ...,0,FiQA
774,Juniper tumbles on Q1 warning; Cisco also lower https://t.co/N8X8BpLJ1E $JNPR $CSCO,0,FiQA
775,$GOOG resistance turned support?  It,2,FiQA
776,$FB bot some @78.47 breakout from the consolidation zone :D,2,FiQA
777,Renewed AB InBev Bid for SABMiller Ups Stake in Beer Battle,2,FiQA
778,"$HPQ Says Breakup Will Cost Billions, but Sees Savings Too http://stks.co/p27hZ",0,FiQA
779,AB InBev approaches SABMiller to explore $250bn tie-up,2,FiQA
780,"Buffett's Berkshire builds Deere stake, dumps Exxon",2,FiQA
781,$UVXY Put the chum out there at key support then next level down - careful,0,FiQA
782,Crown Castle buys Tower Development Corp for $461 million,2,FiQA
783,$SPY Could the pride of social media be gettin ready to fall?  $FB - chart rolling over?,0,FiQA
784,Barclays poaches new chief operating officer Paul Compton from JP Morgan Chase,0,FiQA
785,Randgold profit hit by poor gold price but dividend still increases,0,FiQA
786,Equity indexes working on a positive engulfing for March. $SML $RUT $IWC $SMH $SOX  Small-caps / semis with a fakeout before the b/out.,2,FiQA
787,"Micron Technology Inc #NASDAQ: $MU down 2.3% today and down 8.9% since being put on ""The Short"" https://t.co/EQQLTfUiOU",0,FiQA
788,$ENDP being sued by FTC.....nobody will buy them with that hanging over their heads,0,FiQA
789,$NUGT longer term bullish,2,FiQA
790,BAE Systems's sales boosted by European Typhoon and currencies,2,FiQA
791,"$CHKP ABC Bullish Pattern, Targets https://t.co/uVMmRSR5Zy",2,FiQA
792,Royal Mail share price rallies amid positive broker comments,2,FiQA
793,Teva: FDA Approves Generic Version of AstraZeneca Heartburn Drug,2,FiQA
794,$PKT Momentum building for breakout trigger ! Long setup http://stks.co/eXVU,2,FiQA
795,$AAPL Good time to buy. Will the run come before earnings or after?,2,FiQA
796,"News FeedSchroders books solid earnings growth, several board changes",2,FiQA
797,$AAPL broke descending channel....will it hold?,0,FiQA
798,$AAPL $131 rally mode,2,FiQA
799,"$LULU http://stks.co/o17i Bounced off support early in week - now indicators turning up (RSI, MACD, SMI) Worth a look",2,FiQA
800,ITV to pursue takeover of Canada's Entertainment One: Bloomberg,2,FiQA
801,"Loaded up on $bsx yesterday,looking good now. Still think way more upside than downside.",2,FiQA
802,I'm no professional ANAL-yst but I DO put my $ where my mouth is. $AAPL will do $575 b4 yr.endÃ¢â¬âThat's another hun from here.Long LEAPS =^.^=,2,FiQA
803,$OSUR up 33% since 6/25 buy signal. resistance 5.33 - expect 1. pullback 2nd half of day or 2. break abov 5.33 & continue rally for 4-5 days,2,FiQA
804,$VOLC THIS STOCK HAS A VERY VERY VERY VERY VERY HIGH PROBABILITY OF RALLYING TOMORROW AND/OR EARLY NEXT WEEK,2,FiQA
805,"$AAPL a new long IF 110.61 is broken. Targets are 112.19, 119.86 & 123.82. Bears must retake 102.77. $QQQ $NQ_F $NDX https://t.co/6l3m1wXChw",2,FiQA
806,ouch looks like $tsla shorts getting skinned again,2,FiQA
807,"Ackman, in email, says supports Valeant CEO Pearson",2,FiQA
808,Profit taking on $AAPL this morning?  That has to be the pressure on the stock.  I'm still bullish on $AAPL.,2,FiQA
809,EUR/USD Finding Support Near 1.10 Level $ERO $UUP $UDN $FXE  http://stks.co/b29eU,2,FiQA
810,"You know that back seat? Don't sit in it. - $TSLA -> Tesla recalls 2,700 Model X cars https://t.co/7J0Gwz89ZC",0,FiQA
811,"News FeedFTSE 100 movers: Ashtead jumps on strong interims; Glencore, BP in ...",2,FiQA
812,City spirits sink after Diageo comes up short with sales slide,0,FiQA
813,$TZA is a rocket ship!!!,2,FiQA
814,Barclays PLC & Lloyds Banking Group PLC Are The 2 Banks I'd Buy Today,2,FiQA
815,"$AXDX I got bored, and took my proprietary profit exit. I didn't like the option liquidity and lousy spreads.",0,FiQA
816,"CEOs of BPM, UBI meet Italy econ minister as M&A talk heats up",2,FiQA
817,"09:01 AM      $AKS  DJ AK Steel Revenue Rises 36% on Auto Sector Demand, Acquisition",2,FiQA
818,"PRESS: Serco Set To Appoint Roy Gardner, Ex-Centrica, As Chairman - FT",2,FiQA
819,"Britain's FTSE gains, Land Securities up after dividend hike",2,FiQA
820,Standard Chartered lags on capital worries,0,FiQA
821,$AAPL  downgrade is bias. This stock is a buy.,2,FiQA
822,$GTAT Will re-enter short on bounce...,0,FiQA
823,"$INTC & $AAPL strong, tech leads DOW higher",2,FiQA
824,NYSE owner ICE considers offer for LSE,2,FiQA
825,@asdfLLC. Nice pop today. Told ya we would be green haha. Funny you bring that up. I'm actually working on a story about $NOK at the moment,2,FiQA
826,$AAPL rejected the hod...should head lower. Sitting on the sidelines for now.,0,FiQA
827,Aviva Fined $27 Million by U.K. Regulator Over Fee Failings,0,FiQA
828,"$WAC trade continuing very nicely from yesterday, almost up $3 from yesterday entry, deal pricing tonight looking very strong here... $SPY",2,FiQA
829,Warren Buffett defends Berkshire Hathaway's conglomerate structure,2,FiQA
830,"RT @andrewnyquist Chartology: Yahoo: http://stks.co/1itr $YHOO  Crazy looking chart, but nearing breakout resistance line...",2,FiQA
831,@Megaas2000 $AAPL McDonalds had a big GROWING success for years with the same BigMac and Apple update and improbe Iphone and Ipad,2,FiQA
832,"FTSE falls to 3-month low on Greek debt concerns, easyJet skids",0,FiQA
833,"Should you buy Associated British Foods plc, Great Portland Estates plc and Dunelm Group plc following today's news?",2,FiQA
834,$TZOO a close above 28.64 and we are ready to rock and roll,2,FiQA
835,G4S sees profits rise but UK contract problems remain,2,FiQA
836,#Tesla: Model X Recall Adds To Reliability Issues $TSLA https://t.co/jVXQ4DoXnP,0,FiQA
837,Double bottom with handle buy point of 29.51 $IP http://chart.ly/akvujxh,2,FiQA
838,$SMH got a sell signal on 6/4 and needs to take out 39.28 to go higher otherwise headed lower than 37.60 gap below at 35.38,0,FiQA
839,Whitbread share price climbs on Q4 sales growth,2,FiQA
840,$GS is looking weak while this market is moving higher not a good sign. Unless $gs can get above 157. early short below 154.00 today.,0,FiQA
841,Morrisons faces festive sales test,0,FiQA
842,"@IfHeDiesHeDies: @Bullhorn334: $ZNGA shorts are getting nervous""""",2,FiQA
843,"@Dlerch LOL! $FMCN back under $17, darn those shorts! No chit Sherlock!",0,FiQA
844,$ocn has the stuff. Will be looking to add shares if we get a new high breakout.,2,FiQA
845,Tesla issues its first Model X recall https://t.co/t1kMqVwhQQ $TSLA,0,FiQA
846,Can Christmas Save Sainsbury's plc And Tesco plc?,0,FiQA
847,$ISR- @IsoRay Up 6% and high on volume http://stks.co/iFpo #biotech,2,FiQA
848,$PG Ackman making the big added efficiency argument. betting on operational imporvement in a huge conglomerate can go either way imo.,2,FiQA
849,US dollar wipes out sales gains for SABMiller,0,FiQA
850,Apple: Another attempt to break out on Apple but with weak PVT   $AAPL #Trading #investing #aapl https://t.co/DNh7Hgv22V,2,FiQA
851,$TROW Ascending triangle gives a bullish bias to this chart. Breakout above 84 will be positive http://stks.co/g0ls5,2,FiQA
852,$TSLA You have to love these types of articles. SS interest rose on 12/15 on day before we hit our lows. http://stks.co/c1QKr,0,FiQA
853,Micron Shares Pounded On Fears Of Loss Of Business From Apple; Stifel Defends $AAPL $MU http://stks.co/t1Z8T @Marjo,0,FiQA
854,$EA points to the two Facebook games and accuses $ZNGA of copyright infringement. http://stks.co/g3A1,0,FiQA
855,Breaking 52 week highs timing looks great now $AHS $BABY $POST $IGE $IRDM $EWBC $PHYS $ULTA $VNET $BIV https://t.co/11K8JzuzMU,2,FiQA
856,Britain's FTSE forges ahead as Shire surges,2,FiQA
857,InterContinental Hotels first-quarter global room revenue lags estimates,0,FiQA
858,Baird Upgrades Tesla Motors $TSLA to Outperform https://t.co/1FA6aTOqlw,2,FiQA
859,Just went long $ILMN,2,FiQA
860,Ocwen Reaches Settlement With California Regulator,2,FiQA
861,"$ZSL looking very weak, could be a good short setup.",0,FiQA
862,expecting  $SPY to close above 205.20 $AAPL,2,FiQA
863,$MA http://stks.co/1CYN continues to consolidate / base here,2,FiQA
864,4 beaten-down Internet companies that may be ripe for a #takeover target: #Twitter $TWTR - #LinkedIn $LNKD - #Yahoo! $YHOO - #Groupon $GRPN,2,FiQA
865,$BIOC RSI extremely in long's favor looking at BIOC historically.,2,FiQA
866,$TWTR sad the only thing to move this is a takeover rumor only to be sold off next day !,0,FiQA
867,CompaniesCar insurer Hastings Group driving ÃÂ£180m IPO,2,FiQA
868,Ruling sets lower limit on potential fine for BP,0,FiQA
869,GSK joins China trade push as UK trumpets healthcare deals,2,FiQA
870,"Fastenal misses by $0.01, misses on revenue $FAST #NYSE https://t.co/63JHQ7pwMN",0,FiQA
871,$AAPL weekly still under the 50 moving average and creating a lower high. https://t.co/vT7ppzY2UY,0,FiQA
872,$aapl short term fund/redemption liquidations.. Should have the channel cleared soon and on solid footing. $520 is new floor come July! :),0,FiQA
873,$IDCC - $89 share total value of company after crunching #'s. The 4g technology is their diamond in the rough.,2,FiQA
874,$YMI http://stks.co/Xyf Long setup. Closed above the 20MA. MACD cross. November catalyst.,2,FiQA
875,"SiriusXM added 465,000 net new subscribers in the first quarter of 2016 $SIRI #CEO #sales #marketresearch #tech #entrepreneur #Speaker",2,FiQA
876,@REC_Zakaria Monday Bulls Are Out! Stock Ticker- Michael James Ent. Other picks $SBUX $GVP $NKE,2,FiQA
877,Persimmon share price climbs on 23% rise in full-year revenue,2,FiQA
878,Standard Chartered Not Raising Capital Yet As Dividend Cut,0,FiQA
879,Word on the street is that Allergen is looking at Endo International after the failed Pfizer merger. May-20 $35 calls active. $ENDP,2,FiQA
880,Novartis buys remaining rights to GSK treatment in deal up to $1 billion,2,FiQA
881,"Glencore Cuts 2015 Budget, Plans To Divest From Lonmin",0,FiQA
882,Meggitt share price tumbles as profit falls in 'challenging year',0,FiQA
883,Locked in some $FB puts for nice gain,0,FiQA
884,$PCLN Trying to break daily trend line! Big move could happen https://t.co/gY0aDb2jsQ https://t.co/KPBBCgQ2xy,2,FiQA
885,"$YOKU high volume blast off Friday, goes higher  http://stks.co/qSaL",2,FiQA
886,"$AAPL is now beaten down, hated, etc. / hhhmm opposite of 700> what happens next?",0,FiQA
887,Key level to watch in $FB for today is 25.53-- watching to see if it can hold as support http://stks.co/bOH4,0,FiQA
888,AB InBev's Latest Bid Said Unlikely to Win SABMiller's Approval,2,FiQA
889,$SPY Long 1/2 position 137.89,2,FiQA
890,$ACOM http://stks.co/1G6x Downside breakout looks to be coming soon.,0,FiQA
891,"CompaniesTravis Perkins lifts dividend, earnings rise 15%",2,FiQA
892,"$KNDI #China #ElectricCar maker. China car sales +7.8%. Also, may feed off $TSLA momentum run lately.",2,FiQA
893,"$amzn 4 period RSI is down at 20, just read Connors book on trading strategies",2,FiQA
894,$IBM staying strong,2,FiQA
895,Most bullish stocks on Twitter during this dip. $YHOO $GDX $GOOGL $STZ $GOLD $EW $VZ $CELG $SBUX $SCTY more: https://t.co/iuZJelfwt3,2,FiQA
896,"UPDATE: Persimmon Profit Up Strongly, Outlook Positive",2,FiQA
897,Today I bought more $MU $YHOO $VALE $NBL $TWTR $AXP $ZNGA https://t.co/Vt6T5Zp2is,2,FiQA
898,"Notable gainers among liquid option names this morning include $STX (+7.0%), $NEM (+4.6%), $WDC (+4.2%), $X (+4.1%), and $GME (+3.4%),",2,FiQA
899,"Sheryl Sandberg Sells 109,000 Shares of Facebook Inc $FB Stock https://t.co/3vXT7AMnpk via @RatingsNetwork",0,FiQA
900,"@Stockoptionexpert: $MAT - 6%, big trader added 10000 April put contracts 3 days ago  http://stks.co/c1Ols",0,FiQA
901,"$SDS +1.46% 15.32, picking up some speed. May 16 calls now +35% .19: http://stks.co/3eiK, Next week $16 calls .11c: http://stks.co/3eiL",2,FiQA
902,Britain's FTSE gets lift from Prudential results,2,FiQA
903,$SPY bull move ended waiting for next setup,0,FiQA
904,REFILE-Aviva Investors to move 34 bln euros in assets from AXA fund arm,0,FiQA
905,"$ENDP exit reversal .11 X 3K shares = $330 - now Long - not getting follow through, either side of price action",2,FiQA
906,$AAPL Dips being bought up real quick. Higher lows fo sho,2,FiQA
907,Berkshire Hathaway names Kara Raiguel to lead General Re unit,2,FiQA
908,"$KNDI Break that HOD on volume, and we have a nice consolidation completed for another run.",2,FiQA
909,Industry NewsWolseley confident in reslilience amid mixed markets,2,FiQA
910,AB InBev ups offer for SABMiller as deadline looms,2,FiQA
911,Dixons Carphone profit boost on strong sales,2,FiQA
912,Tesco share price closes higher as two more directors leave grocer,2,FiQA
913,"$SPY Less than 0.2% down and people are calling it bearish. Some heading for exits already. Maybe 1% down will be ""the crash""? Disturbing!",0,FiQA
914,$RSH - looking for first profitable quarter in 3 years!!!  ;).  LONG & STRONG,2,FiQA
915,$AAPL http://stks.co/1LDx Clearing this descending trend line / buy area now,2,FiQA
916,"RT @Cash_Cow $TLT still has a rising RSI & MACD, all this bond buying is signaling some bad moves for the market. $SPY $UUP",0,FiQA
917,"maybe closing all those $AAPL calls i had this morning was a bad idea, money left on the table...",2,FiQA
918,$AAPL I'm sure those short are holding their breath hoping for a miracle. lol,2,FiQA
919,"GlaxoSmithKline targets growth across units, scraps ViiV IPO",2,FiQA
920,"@StockTwits: @Kbkiwi: $TSLA Tesla Model S sales exceed target, profitability guidance amended upward: http://stks.co/jQ0w""""",2,FiQA
921,"European stocks hover near 3-week low, Dialog and BHP slump",0,FiQA
922,$ARIA This is the reason why shorts don't show up...long steady small climbs. The best way to accrue value. IMO,2,FiQA
923,UPDATE: Barclays Expects Gain After Settling With Lehman Bros Trustee,2,FiQA
924,Glencore slumps 30 percent as debt fears grow,0,FiQA
925,Shares in BAE Systems hit 10-month high on rating upgrade,2,FiQA
926,Deutsche Bank Downgraded Starbucks Co. $SBUX https://t.co/QqlEvVwPMV https://t.co/f2PdQjuTHa,0,FiQA
927,$spy $vxx $aapl the parties over loaded on $uvxy volatility is back,0,FiQA
928,ITV share price: Group mulls takeover of Canada's Entertainment One,2,FiQA
929,"$JE LOOKS like we are bouncing.  Would be nice to finish over $6 today, and make the hammer.  Nice volume from 5.77 bottom.  Fingers crossed",2,FiQA
930,$RDC Rowan Expands Share Repurchase Program to $150 million,2,FiQA
931,$BBRY nice bounce,2,FiQA
932,$aapl high of day just hit. Back at it tomorrow.,2,FiQA
933,LSE gets Hong Kong regulatory nod to HK firms to become LSE members,2,FiQA
934,LONDON MORNING BRIEFING: HSBC And Standard Chartered Shares Rise,2,FiQA
935,"Tesla: Voluntary recall of 2,700 Model X vehicles, due to back seat issue. $TSLA https://t.co/NPAkc3U6GS",0,FiQA
936,"$QIHU totally missed this one, was about to jump in on that 60 break test but didn't, congrats shorts",0,FiQA
937,Kinder Morgan and BP Form Joint Venture Limited Liability Company to Purchase ...,2,FiQA
938,$GRPN might be selling off ahead of $P earnings...,0,FiQA
939,2 Turnaround Buys For 2016? BHP Billiton plc And Home Retail Group Plc,2,FiQA
940,$CTRP  breaking out here on good vol and a parser buy signal  ..noticed this on bob langs comments looking for 48 fast,2,FiQA
941,stole my tweet. really wouldn't be surprised if we took out 423 and pinned around it RT @totalguru We could possibly even see425 today $AAPL,2,FiQA
942,Sainsbury sells unit to LloydsPharmacy,2,FiQA
943,Why I'd Buy ARM Holdings plc And BHP Billiton plc Today,2,FiQA
944,FTSE 100 flat; Standard Chartered leads risers,2,FiQA
945,$CRM Sep 40 calls are +35% since entry #BANG http://stks.co/deDm,2,FiQA
946,$VMW  Got a nice push today following small sweepers of May C this morning,2,FiQA
947,$IWM buy programs popping $iwm for close print cheap money means higher stock prices $spy robot buying,2,FiQA
948,Aviva promises higher dividends to boost flagging share price,2,FiQA
949,Copper market may get a 2003-style supply shock from Glencore closures,0,FiQA
950,$YHOO About to break out on the 5-min...,2,FiQA
951,$LULU #Outlook #Q1 2013 #lost revenue in the range of $12 million to $17 million -not good,0,FiQA
952,"UK housing market steadies after Brexit dip, Persimmon says",2,FiQA
953,UPDATE 1-Dairy Crest loses a third of Morrisons milk contract,0,FiQA
954,"$SLW is down, but weekly $34 calls (-28.95%), .23 x .25 have 321 volume. Worth a chance here, jmho: http://stks.co/1Qfg",2,FiQA
955,$MTD (Mettler-Toledo) ready for a breakout,2,FiQA
956,Morrisons finance chief to fill gap as CEO leaves early,0,FiQA
957,End Of Day Scan: Bullish MA  Crossovers $BBVA $PDS $NTLS $NGL $SBRCY $FGL $MTNOY $TTT  www.dailystockplays.com,2,FiQA
958,Japan's Nikkei lands Financial Times in $1.3 billion deal,2,FiQA
959,Double bottom with handle buy point of 56.49 $WMT http://chart.ly/ml857v3,2,FiQA
960,$SONC Amazing run since middle of March - obvious that the quality/tastiness of their burgers is not being factored into this price advance,2,FiQA
